KW	category	node_weight	occurrence	btw_cnt	cls_cnt	strength	qscore	Knode	ranking
acetaminophen/pharmacology	MESH	0.037037037037037	1	0	0.31902714198182	5.10407822375915	0.162738496071829	0.214637526185444	127
ACSL3	GENE	0.037037037037037	1	27.1428571428572	0.393608624592135	5.10407822375915	0.207631874298541	0.23590296559738	100
ACSL4	GENE	0.037037037037037	1	390.430004169538	0.518466357516556	4.08326257900732	0.196306499336802	0.24736994925683	87
actins/metabolism	MESH	0.037037037037037	1	0	0.395670365480527	5.61448604613506	0.21895724926028	0.432828058748662	52
adaptor proteins vesicular transport/genetics	MESH	0.037037037037037	1	0	2.04251629356671	6.12489386851098	0.769230769230769	-0.00546199362767419	4
adjuvants immunologic/chemistry	MESH	0.037037037037037	1	58.5558249985584	0.403700701545168	3.06244693425549	0.0314253647586981	0.0485445072794036	196
AIFM2	GENE	0.037037037037037	1	390.430004169538	0.518466357516556	4.08326257900732	0.196306499336802	0.24736994925683	90
allografts	MESH	0.037037037037037	1	0	2.04251629356671	6.12489386851098	1	0	7
amino acid transport system y+/genetics	MESH	0.037037037037037	1	302.011801227668	0.445642883772844	4.59367040138323	0.271655953474135	0.468824654497588	34
amino acid transport system y+/metabolism	MESH	0.074074074074074	2	2433.90664015676	0.484237634132736	9.49923467014841	0.925670849913274	0.416665062194057	58
aniline compounds/chemistry	MESH	0.037037037037037	1	108.869407130027	0.400338639076353	5.10407822375915	0.300224466891134	0.193585420472453	137
aniline compounds/pharmacology	MESH	0.037037037037037	1	71.4852631578947	0.377010043561957	5.61448604613506	0.369962248750128	0.475154019221889	25
antibodies monoclonal humanized/pharmacology	MESH	0.037037037037037	1	794.293356554503	0.472777827128866	4.59367040138323	0.33287419651056	0.220484173674646	115
antineoplastic agents immunological/administration & dosage	MESH	0.037037037037037	1	302.011801227668	0.445642883772844	4.59367040138323	0.271655953474135	0.468824654497588	35
antineoplastic agents/chemistry	MESH	0.037037037037037	1	23.625	0.429851454721886	5.61448604613506	0.252933374145495	0.0938540568162587	186
antioxidants/pharmacology	MESH	0.037037037037037	1	514.366702121446	0.443996595420425	7.14570951326281	0.648760330578512	0.231665351701817	106
apoptosis/drug effects	MESH	0.074074074074074	2	965.870717520924	0.448039522647754	8.67693298039055	0.862667074788287	0.0970568014851651	184
ASAH2	GENE	0.037037037037037	1	55.5836257309942	0.37071185226005	5.61448604613506	0.313335373941435	0.579443078001136	7
ascorbic acid/pharmacology	MESH	0.037037037037037	1	273.606367805065	0.396360064284475	3.06244693425549	0.048566472808897	0.161160078886868	158
asparaginase	MESH	0.037037037037037	1	258.636657355528	0.43079266839122	3.5728547566314	0.123635343332313	0.465637652659011	42
ATG5	GENE	0.037037037037037	1	778.558976640096	0.506081508623499	4.08326257900732	0.224160799918376	0.275170866314564	83
ATL1	GENE	0.037037037037037	1	390.430004169538	0.518466357516556	4.08326257900732	0.196306499336802	0.24736994925683	89
ATM	GENE	0.037037037037037	1	302.011801227668	0.445642883772844	4.59367040138323	0.271655953474135	0.468824654497588	33
autophagy-related proteins/genetics	MESH	0.037037037037037	1	778.558976640096	0.506081508623499	4.08326257900732	0.224160799918376	0.275170866314564	82
autophagy/drug effects	MESH	0.074074074074074	2	3485.46437642855	0.516293272943518	6.63530169088689	0.748724619936741	0.257782381898519	86
b-lymphocytes/metabolism	MESH	0.037037037037037	1	0	2.04251629356671	1.53122346712774	1	0	2
b7-h1 antigen/antagonists & inhibitors	MESH	0.074074074074074	2	2120.8	0.420133514622366	8.16652515801464	0.882358942965004	0.506494331316254	13
b7-h1 antigen/metabolism	MESH	0.037037037037037	1	108.869407130027	0.400338639076353	5.10407822375915	0.300224466891134	0.193585420472453	141
bacterial toxins/metabolism	MESH	0.037037037037037	1	0	2.04251629356671	8.16652515801464	1	0	5
basic-leucine zipper transcription factors/analysis	MESH	0.037037037037037	1	0	2.04251629356671	4.59367040138323	1	0	5
BDKRB2	GENE	0.037037037037037	1	0	2.04251629356671	1.53122346712774	1	0	4
benzylidene compounds/chemistry	MESH	0.037037037037037	1	108.869407130027	0.400338639076353	5.10407822375915	0.300224466891134	0.193585420472453	144
benzylidene compounds/pharmacology	MESH	0.037037037037037	1	71.4852631578947	0.377010043561957	5.61448604613506	0.369962248750128	0.475154019221889	31
biological products/chemistry	MESH	0.037037037037037	1	23.625	0.429851454721886	5.61448604613506	0.252933374145495	0.0938540568162587	185
biomarkers tumor	MESH	0.037037037037037	1	0	0.343591244224879	7.65611733563872	0.266299357208448	0.13285735358198	168
biopterin/analogs & derivatives	MESH	0.037037037037037	1	514.366702121446	0.443996595420425	7.14570951326281	0.648760330578512	0.231665351701817	104
bone marrow/drug effects	MESH	0.037037037037037	1	0	0.400592543916309	3.5728547566314	0.0547393123150699	0.143107929680044	159
brain neoplasms/genetics	MESH	0.037037037037037	1	0	0.31902714198182	5.10407822375915	0.162738496071829	0.214637526185444	125
BTRC	GENE	0.037037037037037	1	0	2.04251629356671	6.12489386851098	1	0	1
CALR	GENE	0.037037037037037	1	273.606367805065	0.396360064284475	3.06244693425549	0.048566472808897	0.161160078886868	157
calreticulin/metabolism	MESH	0.037037037037037	1	273.606367805065	0.396360064284475	3.06244693425549	0.048566472808897	0.161160078886868	154
carbolines/pharmacology	MESH	0.074074074074074	2	947.156539410022	0.408279357540532	8.47841902539658	0.844276094276094	0.369585567245913	65
carcinoma pancreatic ductal/metabolism	MESH	0.037037037037037	1	0	0.343591244224879	7.65611733563872	0.266299357208448	0.13285735358198	180
cation transport proteins/genetics	MESH	0.037037037037037	1	0	0.31902714198182	5.10407822375915	0.162738496071829	0.214637526185444	129
CD36	GENE	0.037037037037037	1	794.293356554503	0.472777827128866	4.59367040138323	0.33287419651056	0.220484173674646	114
cd36 antigens/antagonists & inhibitors	MESH	0.037037037037037	1	794.293356554503	0.472777827128866	4.59367040138323	0.33287419651056	0.220484173674646	113
CD44	GENE	0.037037037037037	1	0	0.31902714198182	5.10407822375915	0.162738496071829	0.214637526185444	123
cd8-positive t-lymphocytes/cytology	MESH	0.074074074074074	2	1938.09204131677	0.438102380308534	8.47841902539658	0.882435465768799	0.217717209235558	118
cd8-positive t-lymphocytes/drug effects	MESH	0.037037037037037	1	390.430004169538	0.518466357516556	4.08326257900732	0.196306499336802	0.24736994925683	88
cd8-positive t-lymphocytes/immunology	MESH	0.111111111111111	3	0	0.460120355355263	3.88474862401335	0.0576981940618304	0.451783679592852	44
CD8A	GENE	0.111111111111111	3	5679.04552537972	0.529380169722635	8.67693298039055	0.95959595959596	0.301190316468224	77
cell cycle/drug effects	MESH	0.037037037037037	1	778.558976640096	0.506081508623499	4.08326257900732	0.224160799918376	0.275170866314564	79
cell line	MESH	0.037037037037037	1	0	0.395670365480527	5.61448604613506	0.21895724926028	0.432828058748662	57
cell line tumor	MESH	0.37037037037037	10	0	0.395120892747727	0.949360589518501	0.00295888174676053	0.132245702071998	181
cell line tumor/transplantation	MESH	0.074074074074074	2	1124.05263157895	0.362179425077218	10.5200503149002	0.890725436179982	0.539425280873288	11
cell movement/drug effects	MESH	0.037037037037037	1	0	2.04251629356671	6.12489386851098	1	0	11
cell proliferation/drug effects	MESH	0.037037037037037	1	514.366702121446	0.443996595420425	7.14570951326281	0.648760330578512	0.231665351701817	102
cell survival	MESH	0.037037037037037	1	27.1428571428572	0.393608624592135	5.10407822375915	0.207631874298541	0.23590296559738	99
cell survival/drug effects	MESH	0.111111111111111	3	1995.45316030719	0.408690921605261	6.94719555826883	0.716406489133762	0.483044859826152	15
cell transformation neoplastic/genetics	MESH	0.037037037037037	1	0	0.343591244224879	7.65611733563872	0.266299357208448	0.13285735358198	179
cells cultured	MESH	0.074074074074074	2	0	0.33028353099444	1.53122346712774	0.00591776349352107	0.203127264707261	134
cisplatin	MESH	0.037037037037037	1	258.636657355528	0.43079266839122	3.5728547566314	0.123635343332313	0.465637652659011	39
coenzyme a ligases/metabolism	MESH	0.037037037037037	1	27.1428571428572	0.393608624592135	5.10407822375915	0.207631874298541	0.23590296559738	101
collagen type i/metabolism	MESH	0.037037037037037	1	0	0.395670365480527	5.61448604613506	0.21895724926028	0.432828058748662	51
colonic neoplasms/drug therapy	MESH	0.037037037037037	1	55.5836257309942	0.37071185226005	5.61448604613506	0.313335373941435	0.579443078001136	8
CTLA4	GENE	0.037037037037037	1	0	2.04251629356671	6.12489386851098	1	0	12
cyclohexylamines/pharmacology	MESH	0.074074074074074	2	0	2.28514043396864	6.74868160327486	1	0.0423304506144742	1
cysteine/metabolism	MESH	0.037037037037037	1	760.139802121239	0.494873282080486	4.59367040138323	0.311830425466789	0.415152812262892	63
cystine/antagonists & inhibitors	MESH	0.037037037037037	1	514.366702121446	0.443996595420425	7.14570951326281	0.648760330578512	0.231665351701817	105
cytokines/metabolism	MESH	0.074074074074074	2	1117.7537911299	0.447356850265413	7.14570951326281	0.739669421487603	0.181034639629632	152
cytoskeletal proteins/metabolism	MESH	0.037037037037037	1	0	2.04251629356671	1.53122346712774	1	0	1
dextrans/chemistry	MESH	0.037037037037037	1	58.5558249985584	0.403700701545168	3.06244693425549	0.0314253647586981	0.0485445072794036	198
dichloroacetic acid/chemistry	MESH	0.037037037037037	1	23.625	0.429851454721886	5.61448604613506	0.252933374145495	0.0938540568162587	188
diet	MESH	0.037037037037037	1	0	0.343591244224879	7.65611733563872	0.266299357208448	0.13285735358198	167
diterpenes/pharmacology	MESH	0.037037037037037	1	258.636657355528	0.43079266839122	3.5728547566314	0.123635343332313	0.465637652659011	40
dna	MESH	0.037037037037037	1	0	0.343591244224879	7.65611733563872	0.266299357208448	0.13285735358198	176
dose-response relationship drug	MESH	0.074074074074074	2	947.156539410022	0.408279357540532	8.47841902539658	0.844276094276094	0.369585567245913	66
drug interactions	MESH	0.037037037037037	1	0	0.400592543916309	3.5728547566314	0.0547393123150699	0.143107929680044	161
drug resistance neoplasm	MESH	0.037037037037037	1	0	2.04251629356671	4.59367040138323	1	0	2
drug resistance neoplasm/drug effects	MESH	0.037037037037037	1	71.4852631578947	0.377010043561957	5.61448604613506	0.369962248750128	0.475154019221889	26
drug synergism	MESH	0.037037037037037	1	23.625	0.429851454721886	5.61448604613506	0.252933374145495	0.0938540568162587	189
endoplasmic reticulum/drug effects	MESH	0.037037037037037	1	390.430004169538	0.518466357516556	4.08326257900732	0.196306499336802	0.24736994925683	92
endothelial cells/metabolism	MESH	0.037037037037037	1	0	2.04251629356671	8.16652515801464	1	0	1
energy metabolism/drug effects	MESH	0.037037037037037	1	23.625	0.429851454721886	5.61448604613506	0.252933374145495	0.0938540568162587	187
exosomes/drug effects	MESH	0.037037037037037	1	71.4852631578947	0.377010043561957	5.61448604613506	0.369962248750128	0.475154019221889	30
exosomes/metabolism	MESH	0.037037037037037	1	108.869407130027	0.400338639076353	5.10407822375915	0.300224466891134	0.193585420472453	140
fatty acids/metabolism	MESH	0.037037037037037	1	794.293356554503	0.472777827128866	4.59367040138323	0.33287419651056	0.220484173674646	112
ferric compounds/chemistry	MESH	0.111111111111111	3	2069.28998134984	0.403146376908316	10.6471092146609	0.93013468013468	0.102169703994514	183
ferritins/blood	MESH	0.037037037037037	1	174.550891057949	0.423954166961367	5.10407822375915	0.333894500561167	0.31307996480228	68
flavonolignans/pharmacology	MESH	0.037037037037037	1	778.558976640096	0.506081508623499	4.08326257900732	0.224160799918376	0.275170866314564	78
FN1	GENE	0.037037037037037	1	0	0.395670365480527	5.61448604613506	0.21895724926028	0.432828058748662	55
folic acid antagonists/pharmacology	MESH	0.037037037037037	1	514.366702121446	0.443996595420425	7.14570951326281	0.648760330578512	0.231665351701817	103
FTH1	GENE	0.037037037037037	1	0	2.04251629356671	8.16652515801464	1	0	2
fusion regulatory protein 1 heavy chain/metabolism	MESH	0.037037037037037	1	760.139802121239	0.494873282080486	4.59367040138323	0.311830425466789	0.415152812262892	61
GABPA	GENE	0.037037037037037	1	0	2.04251629356671	6.12489386851098	1	0	8
gels/chemistry	MESH	0.037037037037037	1	58.5558249985584	0.403700701545168	3.06244693425549	0.0314253647586981	0.0485445072794036	194
gene expression	MESH	0.037037037037037	1	243.109394810556	0.397782237017813	4.59367040138323	0.241046831955923	0.475617623323264	21
gene expression regulation neoplastic	MESH	0.074074074074074	2	1870	0.374561329415491	9.69774862514238	0.901132537496174	0.259193088101636	85
gene expression regulation neoplastic/drug effects	MESH	0.037037037037037	1	302.011801227668	0.445642883772844	4.59367040138323	0.271655953474135	0.468824654497588	36
genetic variation	MESH	0.037037037037037	1	174.550891057949	0.423954166961367	5.10407822375915	0.333894500561167	0.31307996480228	76
GGT1	GENE	0.037037037037037	1	0	2.04251629356671	4.59367040138323	1	0	10
glioblastoma/genetics	MESH	0.037037037037037	1	0	0.31902714198182	5.10407822375915	0.162738496071829	0.214637526185444	130
glutathione	MESH	0.037037037037037	1	0	0.316766779882615	3.5728547566314	0.0547393123150699	0.18726551602063	149
glutathione peroxidase/metabolism	MESH	0.037037037037037	1	778.558976640096	0.506081508623499	4.08326257900732	0.224160799918376	0.275170866314564	80
glutathione peroxidase/therapeutic use	MESH	0.037037037037037	1	0	2.04251629356671	1.53122346712774	1	0	3
glutathione/metabolism	MESH	0.111111111111111	3	3433.05565673499	0.47003723502607	9.81112853753035	0.964901540659116	0.209559598056224	133
glycogen synthase kinase 3/metabolism	MESH	0.037037037037037	1	0	2.04251629356671	6.12489386851098	1	0	6
gold/chemistry	MESH	0.037037037037037	1	58.5558249985584	0.403700701545168	3.06244693425549	0.0314253647586981	0.0485445072794036	197
GSK3B	GENE	0.037037037037037	1	0	2.04251629356671	6.12489386851098	1	0	5
heart ventricles/diagnostic imaging	MESH	0.037037037037037	1	0	2.04251629356671	8.16652515801464	1	0	11
heat-shock proteins/genetics	MESH	0.037037037037037	1	0	0.31902714198182	5.10407822375915	0.162738496071829	0.214637526185444	124
heme oxygenase-1/metabolism	MESH	0.037037037037037	1	55.5836257309942	0.37071185226005	5.61448604613506	0.313335373941435	0.579443078001136	6
hemeproteins/toxicity	MESH	0.037037037037037	1	174.550891057949	0.423954166961367	5.10407822375915	0.333894500561167	0.31307996480228	73
hemodynamics/drug effects	MESH	0.037037037037037	1	0	2.04251629356671	8.16652515801464	1	0	16
hepatic stellate cells/drug effects	MESH	0.037037037037037	1	0	0.395670365480527	5.61448604613506	0.21895724926028	0.432828058748662	56
hepatocytes/drug effects	MESH	0.037037037037037	1	0	0.395670365480527	5.61448604613506	0.21895724926028	0.432828058748662	54
HIF1A	GENE	0.037037037037037	1	0	0.395670365480527	5.61448604613506	0.21895724926028	0.432828058748662	53
HLF	GENE	0.037037037037037	1	0	2.04251629356671	4.59367040138323	1	0	4
HMGB1	GENE	0.037037037037037	1	0	2.04251629356671	8.16652515801464	1	0	3
hmgb1 protein/metabolism	MESH	0.037037037037037	1	0	2.04251629356671	8.16652515801464	1	0	15
HMOX1	GENE	0.037037037037037	1	55.5836257309942	0.37071185226005	5.61448604613506	0.313335373941435	0.579443078001136	1
host-pathogen interactions	MESH	0.037037037037037	1	129	0.392840063105221	3.5728547566314	0.10381593714927	0.216971629155539	119
HSPB1	GENE	0.037037037037037	1	0	0.31902714198182	5.10407822375915	0.162738496071829	0.214637526185444	131
hyaluronan receptors/genetics	MESH	0.037037037037037	1	0	0.31902714198182	5.10407822375915	0.162738496071829	0.214637526185444	126
hyaluronic acid/chemistry	MESH	0.037037037037037	1	71.4852631578947	0.377010043561957	5.61448604613506	0.369962248750128	0.475154019221889	28
hypertension pulmonary/chemically induced	MESH	0.037037037037037	1	0	2.04251629356671	8.16652515801464	1	0	8
hypoxia-inducible factor 1 alpha subunit/metabolism	MESH	0.037037037037037	1	0	0.395670365480527	5.61448604613506	0.21895724926028	0.432828058748662	48
IL6	GENE	0.037037037037037	1	0	2.04251629356671	4.59367040138323	1	0	1
ileum/drug effects	MESH	0.037037037037037	1	0	0.400592543916309	3.5728547566314	0.0547393123150699	0.143107929680044	164
immune checkpoint inhibitors/pharmacology	MESH	0.037037037037037	1	71.4852631578947	0.377010043561957	5.61448604613506	0.369962248750128	0.475154019221889	24
immunogenic cell death/drug effects	MESH	0.037037037037037	1	108.869407130027	0.400338639076353	5.10407822375915	0.300224466891134	0.193585420472453	143
immunologic memory	MESH	0.037037037037037	1	71.4852631578947	0.377010043561957	5.61448604613506	0.369962248750128	0.475154019221889	22
inflammasomes/metabolism	MESH	0.037037037037037	1	0	2.04251629356671	8.16652515801464	1	0	7
inflammation mediators/antagonists & inhibitors	MESH	0.037037037037037	1	243.109394810556	0.397782237017813	4.59367040138323	0.241046831955923	0.475617623323264	19
inflammation/drug therapy	MESH	0.037037037037037	1	0	2.04251629356671	6.12489386851098	0.769230769230769	-0.00546199362767419	8
inflammation/metabolism	MESH	0.037037037037037	1	0	2.04251629356671	8.16652515801464	1	0	4
interferon-gamma/immunology	MESH	0.037037037037037	1	760.139802121239	0.494873282080486	4.59367040138323	0.311830425466789	0.415152812262892	59
interferon-gamma/metabolism	MESH	0.037037037037037	1	108.869407130027	0.400338639076353	5.10407822375915	0.300224466891134	0.193585420472453	142
iron chelating agents/pharmacology	MESH	0.037037037037037	1	129	0.392840063105221	3.5728547566314	0.10381593714927	0.216971629155539	121
iron/blood	MESH	0.037037037037037	1	0	0.316766779882615	3.5728547566314	0.0547393123150699	0.18726551602063	146
iron/chemistry	MESH	0.037037037037037	1	0	2.04251629356671	6.12489386851098	1	0	9
iron/metabolism	MESH	0.148148148148148	4	2479.9760459433	0.457619738216127	11.3423520046581	0.964799510254056	0.274623263581963	84
JAK2	GENE	0.037037037037037	1	0	2.04251629356671	4.59367040138323	1	0	6
jurkat cells	MESH	0.074074074074074	2	3248.89893541534	0.466060589718458	7.65611733563872	0.895316804407713	0.353937294097247	67
KDM8	GENE	0.037037037037037	1	0	0.343591244224879	7.65611733563872	0.266299357208448	0.13285735358198	171
kidney	MESH	0.037037037037037	1	0	0.316766779882615	3.5728547566314	0.0547393123150699	0.18726551602063	145
killer cells natural/metabolism	MESH	0.037037037037037	1	258.636657355528	0.43079266839122	3.5728547566314	0.123635343332313	0.465637652659011	38
lipid metabolism/drug effects	MESH	0.037037037037037	1	302.011801227668	0.445642883772844	4.59367040138323	0.271655953474135	0.468824654497588	37
lipopolysaccharides/toxicity	MESH	0.037037037037037	1	243.109394810556	0.397782237017813	4.59367040138323	0.241046831955923	0.475617623323264	18
listeriosis/etiology	MESH	0.037037037037037	1	174.550891057949	0.423954166961367	5.10407822375915	0.333894500561167	0.31307996480228	75
liver cirrhosis/drug therapy	MESH	0.037037037037037	1	0	0.395670365480527	5.61448604613506	0.21895724926028	0.432828058748662	50
liver x receptors/agonists	MESH	0.037037037037037	1	174.550891057949	0.423954166961367	5.10407822375915	0.333894500561167	0.31307996480228	71
liver/pathology	MESH	0.037037037037037	1	0	0.316766779882615	3.5728547566314	0.0547393123150699	0.18726551602063	150
lung neoplasms/drug therapy	MESH	0.037037037037037	1	0	2.04251629356671	6.12489386851098	1	0	3
lung/blood supply	MESH	0.037037037037037	1	0	2.04251629356671	8.16652515801464	1	0	9
lymph/metabolism	MESH	0.037037037037037	1	27.1428571428572	0.393608624592135	5.10407822375915	0.207631874298541	0.23590296559738	97
lymphocytes tumor-infiltrating/immunology	MESH	0.037037037037037	1	55.5836257309942	0.37071185226005	5.61448604613506	0.313335373941435	0.579443078001136	9
lymphoma t-cell	MESH	0.037037037037037	1	258.636657355528	0.43079266839122	3.5728547566314	0.123635343332313	0.465637652659011	41
macrophages	MESH	0.037037037037037	1	0	0.343591244224879	7.65611733563872	0.266299357208448	0.13285735358198	166
macrophages/cytology	MESH	0.074074074074074	2	894.835102222393	0.43971602643734	7.65611733563872	0.803489439853076	0.0644762190403139	193
macrophages/drug effects	MESH	0.148148148148148	4	0	0.33028353099444	1.53122346712774	0.00591776349352107	0.203127264707261	135
macrophages/metabolism	MESH	0.037037037037037	1	0	2.04251629356671	8.16652515801464	1	0	10
malaria/genetics	MESH	0.037037037037037	1	174.550891057949	0.423954166961367	5.10407822375915	0.333894500561167	0.31307996480228	72
malondialdehyde/blood	MESH	0.037037037037037	1	0	0.316766779882615	3.5728547566314	0.0547393123150699	0.18726551602063	147
melanoma/blood	MESH	0.037037037037037	1	27.1428571428572	0.393608624592135	5.10407822375915	0.207631874298541	0.23590296559738	98
melanoma/genetics	MESH	0.037037037037037	1	760.139802121239	0.494873282080486	4.59367040138323	0.311830425466789	0.415152812262892	60
membrane proteins/genetics	MESH	0.037037037037037	1	0	0.343591244224879	7.65611733563872	0.266299357208448	0.13285735358198	178
membrane proteins/metabolism	MESH	0.037037037037037	1	55.5836257309942	0.37071185226005	5.61448604613506	0.313335373941435	0.579443078001136	3
metal-organic frameworks/chemistry	MESH	0.037037037037037	1	108.869407130027	0.400338639076353	5.10407822375915	0.300224466891134	0.193585420472453	138
methotrexate/pharmacology	MESH	0.037037037037037	1	514.366702121446	0.443996595420425	7.14570951326281	0.648760330578512	0.231665351701817	107
microglia/drug effects	MESH	0.037037037037037	1	243.109394810556	0.397782237017813	4.59367040138323	0.241046831955923	0.475617623323264	20
mitochondria/drug effects	MESH	0.074074074074074	2	0	0.35764159902224	4.08326257900732	0.0769309254157739	0.120634275536924	182
MMRN1	GENE	0.037037037037037	1	0	0.395670365480527	5.61448604613506	0.21895724926028	0.432828058748662	49
monocrotaline/toxicity	MESH	0.037037037037037	1	0	2.04251629356671	8.16652515801464	1	0	6
MTOR	GENE	0.037037037037037	1	0	2.04251629356671	6.12489386851098	1	0	10
multiple myeloma/drug therapy	MESH	0.037037037037037	1	794.293356554503	0.472777827128866	4.59367040138323	0.33287419651056	0.220484173674646	116
myeloid-derived suppressor cells/immunology	MESH	0.037037037037037	1	55.5836257309942	0.37071185226005	5.61448604613506	0.313335373941435	0.579443078001136	2
myocardial reperfusion injury/drug therapy	MESH	0.037037037037037	1	0	2.04251629356671	6.12489386851098	0.769230769230769	-0.00546199362767419	5
myocardium/immunology	MESH	0.037037037037037	1	0	2.04251629356671	6.12489386851098	0.769230769230769	-0.00546199362767419	6
necroptosis/drug effects	MESH	0.037037037037037	1	0	0.400592543916309	3.5728547566314	0.0547393123150699	0.143107929680044	160
neoplasm metastasis/drug therapy	MESH	0.037037037037037	1	27.1428571428572	0.393608624592135	5.10407822375915	0.207631874298541	0.23590296559738	96
neoplasms/diagnostic imaging	MESH	0.037037037037037	1	273.606367805065	0.396360064284475	3.06244693425549	0.048566472808897	0.161160078886868	156
neoplasms/drug therapy	MESH	0.074074074074074	2	2456.53892416442	0.501040108207987	8.67693298039055	0.925670849913274	0.141997881867126	165
neutral ceramidase/antagonists & inhibitors	MESH	0.037037037037037	1	55.5836257309942	0.37071185226005	5.61448604613506	0.313335373941435	0.579443078001136	5
neutrophil infiltration	MESH	0.037037037037037	1	0	2.04251629356671	6.12489386851098	0.769230769230769	-0.00546199362767419	11
neutrophils/immunology	MESH	0.037037037037037	1	0	2.04251629356671	6.12489386851098	0.769230769230769	-0.00546199362767419	10
nf-e2-related factor 2/biosynthesis	MESH	0.037037037037037	1	243.109394810556	0.397782237017813	4.59367040138323	0.241046831955923	0.475617623323264	16
nf-e2-related factor 2/genetics	MESH	0.037037037037037	1	0	2.04251629356671	6.12489386851098	1	0	4
NFE2L2	GENE	0.074074074074074	2	0	0.392069323904109	3.88474862401335	0.0562187531884502	0.45762200542558	43
nivolumab/therapeutic use	MESH	0.037037037037037	1	760.139802121239	0.494873282080486	4.59367040138323	0.311830425466789	0.415152812262892	62
nlr family pyrin domain-containing 3 protein/metabolism	MESH	0.037037037037037	1	0	2.04251629356671	8.16652515801464	1	0	12
NLRP3	GENE	0.037037037037037	1	0	2.04251629356671	8.16652515801464	1	0	13
NOX4	GENE	0.037037037037037	1	0	2.04251629356671	8.16652515801464	1	0	14
oleic acid/metabolism	MESH	0.037037037037037	1	27.1428571428572	0.393608624592135	5.10407822375915	0.207631874298541	0.23590296559738	95
oxidative stress	MESH	0.074074074074074	2	1785.21574149289	0.407981974599423	7.14570951326281	0.752066115702479	0.225794401592414	111
oxidative stress/drug effects	MESH	0.074074074074074	2	0	0.331918228944315	3.5728547566314	0.0547393123150699	0.216604488602872	122
pancreas/metabolism	MESH	0.037037037037037	1	0	0.343591244224879	7.65611733563872	0.266299357208448	0.13285735358198	170
pancreatitis/genetics	MESH	0.037037037037037	1	0	0.343591244224879	7.65611733563872	0.266299357208448	0.13285735358198	177
PDCD1	GENE	0.111111111111111	3	0	0.426145739459173	3.37434080163743	0.022191613100704	0.218059235172142	117
phenol/chemistry	MESH	0.037037037037037	1	108.869407130027	0.400338639076353	5.10407822375915	0.300224466891134	0.193585420472453	136
phenylenediamines/pharmacology	MESH	0.074074074074074	2	0	2.28514043396864	6.74868160327486	0.846153846153846	0.030496131087847	3
phospholipid hydroperoxide glutathione peroxidase	MESH	0.037037037037037	1	0	0.316766779882615	3.5728547566314	0.0547393123150699	0.18726551602063	151
phospholipid hydroperoxide glutathione peroxidase/antagonists & inhibitors	MESH	0.037037037037037	1	514.366702121446	0.443996595420425	7.14570951326281	0.648760330578512	0.231665351701817	108
phospholipid hydroperoxide glutathione peroxidase/genetics	MESH	0.037037037037037	1	0	0.343591244224879	7.65611733563872	0.266299357208448	0.13285735358198	173
phospholipid hydroperoxide glutathione peroxidase/metabolism	MESH	0.074074074074074	2	13.3333333333333	0.446559800140061	6.74868160327486	0.225742271196817	0.242121383577277	93
piperazines/pharmacology	MESH	0.074074074074074	2	1330	0.372480931180376	8.16652515801464	0.849505152535456	0.240476907144357	94
precursor cell lymphoblastic leukemia-lymphoma/metabolism	MESH	0.037037037037037	1	778.558976640096	0.506081508623499	4.08326257900732	0.224160799918376	0.275170866314564	81
PRKAA2	GENE	0.037037037037037	1	0	2.04251629356671	6.12489386851098	1	0	13
programmed cell death 1 receptor/metabolism	MESH	0.037037037037037	1	108.869407130027	0.400338639076353	5.10407822375915	0.300224466891134	0.193585420472453	139
protein kinase inhibitors/chemistry	MESH	0.037037037037037	1	23.625	0.429851454721886	5.61448604613506	0.252933374145495	0.0938540568162586	190
proto-oncogene proteins p21(ras)/metabolism	MESH	0.037037037037037	1	0	0.343591244224879	7.65611733563872	0.266299357208448	0.13285735358198	169
pyruvate dehydrogenase acetyl-transferring kinase/antagonists & inhibitors	MESH	0.037037037037037	1	23.625	0.429851454721886	5.61448604613506	0.252933374145495	0.0938540568162586	192
quinoxalines/pharmacology	MESH	0.037037037037037	1	0	0.343591244224879	7.65611733563872	0.266299357208448	0.13285735358198	172
radiation-protective agents/pharmacology	MESH	0.037037037037037	1	0	0.400592543916309	3.5728547566314	0.0547393123150699	0.143107929680044	162
raw 264.7 cells	MESH	0.037037037037037	1	243.109394810556	0.397782237017813	4.59367040138323	0.241046831955923	0.475617623323264	17
S100A4	GENE	0.037037037037037	1	390.430004169538	0.518466357516556	4.08326257900732	0.196306499336802	0.24736994925683	91
saponins/chemistry	MESH	0.037037037037037	1	23.625	0.429851454721886	5.61448604613506	0.252933374145495	0.0938540568162586	191
skin neoplasms/drug therapy	MESH	0.037037037037037	1	71.4852631578947	0.377010043561957	5.61448604613506	0.369962248750128	0.475154019221889	29
SLC3A2	GENE	0.037037037037037	1	760.139802121239	0.494873282080486	4.59367040138323	0.311830425466789	0.415152812262892	64
SLC40A1	GENE	0.037037037037037	1	0	0.31902714198182	5.10407822375915	0.162738496071829	0.214637526185444	132
SLC7A11	GENE	0.148148148148148	4	2499.73273732709	0.481712729495788	7.25908942565078	0.802443628201204	0.437027756080324	46
SLC9A1	GENE	0.074074074074074	2	1828.08627105218	0.489583802858413	7.76949724802669	0.844888276706458	0.448567889637614	45
small molecule libraries/pharmacology	MESH	0.037037037037037	1	0	0.400592543916309	3.5728547566314	0.0547393123150699	0.143107929680044	163
sorafenib/pharmacology	MESH	0.037037037037037	1	0	0.395670365480527	5.61448604613506	0.21895724926028	0.432828058748662	47
spiro compounds/pharmacology	MESH	0.037037037037037	1	0	0.343591244224879	7.65611733563872	0.266299357208448	0.13285735358198	175
spleen/pathology	MESH	0.037037037037037	1	0	0.316766779882615	3.5728547566314	0.0547393123150699	0.18726551602063	148
STAT3	GENE	0.037037037037037	1	0	2.04251629356671	4.59367040138323	1	0	8
STING1	GENE	0.037037037037037	1	0	0.343591244224879	7.65611733563872	0.266299357208448	0.13285735358198	174
sulfasalazine/administration & dosage	MESH	0.037037037037037	1	302.011801227668	0.445642883772844	4.59367040138323	0.271655953474135	0.468824654497588	32
t-lymphocytes cytotoxic/drug effects	MESH	0.037037037037037	1	71.4852631578947	0.377010043561957	5.61448604613506	0.369962248750128	0.475154019221889	27
t-lymphocytes cytotoxic/immunology	MESH	0.037037037037037	1	0	0.31902714198182	5.10407822375915	0.162738496071829	0.214637526185444	128
t-lymphocytes cytotoxic/metabolism	MESH	0.037037037037037	1	273.606367805065	0.396360064284475	3.06244693425549	0.048566472808897	0.161160078886868	155
t-lymphocytes/immunology	MESH	0.037037037037037	1	55.5836257309942	0.37071185226005	5.61448604613506	0.313335373941435	0.579443078001136	4
tetrahydrofolate dehydrogenase/genetics	MESH	0.037037037037037	1	514.366702121446	0.443996595420425	7.14570951326281	0.648760330578512	0.231665351701817	109
TF	GENE	0.037037037037037	1	174.550891057949	0.423954166961367	5.10407822375915	0.333894500561167	0.31307996480228	70
TGFB1	GENE	0.037037037037037	1	0	2.04251629356671	4.59367040138323	1	0	9
TICAM1	GENE	0.037037037037037	1	0	2.04251629356671	6.12489386851098	0.769230769230769	-0.00546199362767419	7
TLR4	GENE	0.074074074074074	2	0	2.28514043396864	6.74868160327486	0.923076923076923	0.0364132908511606	2
toll-like receptor 4/genetics	MESH	0.037037037037037	1	0	2.04251629356671	6.12489386851098	0.769230769230769	-0.00546199362767419	12
toll-like receptor 4/metabolism	MESH	0.037037037037037	1	0	2.04251629356671	8.16652515801464	1	0	17
tor serine-threonine kinases/metabolism	MESH	0.037037037037037	1	0	2.04251629356671	6.12489386851098	1	0	2
TP53	GENE	0.111111111111111	3	2425.53613499989	0.426527393948948	12.5616816044039	0.954545454545455	0.485725807355801	14
transferrin/metabolism	MESH	0.037037037037037	1	174.550891057949	0.423954166961367	5.10407822375915	0.333894500561167	0.31307996480228	74
TRIM69	GENE	0.037037037037037	1	0	2.04251629356671	6.12489386851098	0.769230769230769	-0.00546199362767419	13
triple negative breast neoplasms/drug therapy	MESH	0.037037037037037	1	0	2.04251629356671	4.59367040138323	1	0	3
tuberculosis/metabolism	MESH	0.037037037037037	1	129	0.392840063105221	3.5728547566314	0.10381593714927	0.216971629155539	120
tumor escape/drug effects	MESH	0.037037037037037	1	71.4852631578947	0.377010043561957	5.61448604613506	0.369962248750128	0.475154019221889	23
tumor microenvironment	MESH	0.074074074074074	2	2730	0.406814721927393	10.7185642698942	0.969901030507091	0.166326612162392	153
tumor microenvironment/drug effects	MESH	0.148148148148148	4	0	0.340383966403393	0.822301689757857	0.00147944087338027	0.525762927122723	12
tumor suppressor protein p53/genetics	MESH	0.037037037037037	1	174.550891057949	0.423954166961367	5.10407822375915	0.333894500561167	0.31307996480228	69
tumor suppressor protein p53/metabolism	MESH	0.074074074074074	2	202.6	0.413174458374704	7.96801120302066	0.557086011631466	0.542071920275841	10
tumor-associated macrophages/drug effects	MESH	0.037037037037037	1	0	2.04251629356671	4.59367040138323	1	0	7
urinary bladder neoplasms/pathology	MESH	0.037037037037037	1	58.5558249985584	0.403700701545168	3.06244693425549	0.0314253647586981	0.0485445072794036	195
ventricular function left/drug effects	MESH	0.037037037037037	1	0	2.04251629356671	6.12489386851098	0.769230769230769	-0.00546199362767419	9
vitamin e/pharmacology	MESH	0.037037037037037	1	514.366702121446	0.443996595420425	7.14570951326281	0.648760330578512	0.231665351701817	110
